Width,Path
53,Meta/27.png
42,Meta/0.png
48,Meta/1.png
27,Meta/10.png
60,Meta/11.png
52,Meta/12.png
147,Meta/13.png
32,Meta/14.png
45,Meta/15.png
81,Meta/16.png
38,Meta/17.png
45,Meta/18.png
79,Meta/19.png
36,Meta/2.png
43,Meta/20.png
27,Meta/21.png
37,Meta/22.png
32,Meta/23.png
35,Meta/24.png
34,Meta/25.png
32,Meta/26.png
52,Meta/28.png
116,Meta/29.png
32,Meta/3.png
59,Meta/30.png
35,Meta/31.png
56,Meta/32.png
28,Meta/33.png
34,Meta/34.png
38,Meta/35.png
40,Meta/36.png
29,Meta/37.png
53,Meta/38.png
50,Meta/39.png
58,Meta/4.png
33,Meta/40.png
34,Meta/41.png
80,Meta/42.png
30,Meta/5.png
43,Meta/6.png
71,Meta/7.png
37,Meta/8.png
105,Meta/9.png
